CodCliente;DescCliente;CodPais;DDD;Fone;CodSexo;Email
1;Cliente 001;1;11;21456699;1;Cliente001@gmail.com
2;Cliente 002;1;21;44556687;2;Cliente002@gmail.com
3;Cliente 003;1;11;33221144;2;Cliente003@gmail.com
4;Cliente 004;1;33;88997765;2;Cliente004@gmail.com
5;Cliente 005;1;44;21456699;2;Cliente005@gmail.com
6;Cliente 006;1;55;44556687;1;Cliente006@gmail.com
7;Cliente 007;1;33;33221144;1;Cliente007@gmail.com
8;Cliente 008;1;66;88997765;1;Cliente008@gmail.com
9;Cliente 009;1;11;55441122;1;Cliente009@gmail.com
10;Cliente 010;2;44;66887745;1;Cliente010@gmail.com
11;Cliente 011;2;55;987445251;1;Cliente011@gmail.com
12;Cliente 012;2;11;55221123;2;Cliente012@gmail.com
13;Cliente 013;2;21;77884455;2;Cliente013@gmail.com
14;Cliente 014;2;11;863321212;2;Cliente014@gmail.com
15;Cliente 015;2;33;66332214;2;Cliente015@gmail.com
16;Cliente 016;2;44;44556655;2;Cliente016@gmail.com
17;Cliente 017;2;55;21456699;2;Cliente017@gmail.com
18;Cliente 018;2;33;44556687;2;Cliente018@gmail.com
19;Cliente 019;2;66;33221144;2;Cliente019@gmail.com
20;Cliente 020;3;11;88997765;2;Cliente020@gmail.com
21;Cliente 021;3;44;21456699;2;Cliente021@gmail.com
22;Cliente 022;3;55;44556687;1;Cliente022@gmail.com
23;Cliente 023;3;11;33221144;1;Cliente023@gmail.com
24;Cliente 024;3;21;88997765;1;Cliente024@gmail.com
25;Cliente 025;3;11;55441122;1;Cliente025@gmail.com
26;Cliente 026;4;33;66887745;1;Cliente026@gmail.com
27;Cliente 027;4;44;987445251;1;Cliente027@gmail.com
28;Cliente 028;4;55;55221123;1;Cliente028@gmail.com
29;Cliente 029;4;33;77884455;2;Cliente029@gmail.com
30;Cliente 030;5;66;863321212;2;Cliente030@gmail.com
31;Cliente 031;5;11;66332214;2;Cliente031@gmail.com
32;Cliente 032;5;44;44556655;2;Cliente032@gmail.com
33;Cliente 033;5;55;21456699;1;Cliente033@gmail.com
34;Cliente 034;5;41;44556687;1;Cliente034@gmail.com
35;Cliente 035;5;32;33221144;1;Cliente035@gmail.com
36;Cliente 036;5;66;88997765;1;Cliente036@gmail.com
37;Cliente 037;5;77;21456699;1;Cliente037@gmail.com
38;Cliente 038;5;33;44556687;1;Cliente038@gmail.com
39;Cliente 039;5;22;33221144;2;Cliente039@gmail.com
40;Cliente 040;5;11;88997765;2;Cliente040@gmail.com
41;Cliente 041;5;11;55441122;2;Cliente041@gmail.com
42;Cliente 042;5;11;66887745;2;Cliente042@gmail.com
43;Cliente 043;5;11;987445251;2;Cliente043@gmail.com
44;Cliente 044;5;33;55221123;2;Cliente044@gmail.com
45;Cliente 045;5;66;77884455;2;Cliente045@gmail.com
46;Cliente 046;3;11;863321212;2;Cliente046@gmail.com
47;Cliente 047;3;44;66332214;2;Cliente047@gmail.com
48;Cliente 048;3;55;44556655;2;Cliente048@gmail.com
49;Cliente 049;3;41;21456699;1;Cliente049@gmail.com
50;Cliente 050;3;32;44556687;1;Cliente050@gmail.com
51;Cliente 051;3;66;33221144;1;Cliente051@gmail.com
52;Cliente 052;2;77;88997765;1;Cliente052@gmail.com
53;Cliente 053;2;33;21456699;1;Cliente053@gmail.com
54;Cliente 054;2;22;44556687;1;Cliente054@gmail.com
55;Cliente 055;2;11;33221144;1;Cliente055@gmail.com
56;Cliente 056;2;11;88997765;2;Cliente056@gmail.com
57;Cliente 057;2;11;55441122;2;Cliente057@gmail.com
58;Cliente 058;2;11;66887745;2;Cliente058@gmail.com
59;Cliente 059;2;33;987445251;2;Cliente059@gmail.com
60;Cliente 060;2;66;55221123;1;Cliente060@gmail.com
61;Cliente 061;2;11;77884455;1;Cliente061@gmail.com
62;Cliente 062;2;44;863321212;1;Cliente062@gmail.com
63;Cliente 063;1;55;66332214;1;Cliente063@gmail.com
64;Cliente 064;1;41;44556655;1;Cliente064@gmail.com
65;Cliente 065;1;32;21456699;1;Cliente065@gmail.com
66;Cliente 066;1;66;44556687;2;Cliente066@gmail.com
67;Cliente 067;1;77;33221144;2;Cliente067@gmail.com
68;Cliente 068;1;33;88997765;2;Cliente068@gmail.com
69;Cliente 069;1;22;21456699;2;Cliente069@gmail.com
70;Cliente 070;1;11;44556687;2;Cliente070@gmail.com
71;Cliente 071;1;11;33221144;2;Cliente071@gmail.com
72;Cliente 072;1;11;88997765;2;Cliente072@gmail.com
73;Cliente 073;1;11;55441122;2;Cliente073@gmail.com
74;Cliente 074;4;33;66887745;2;Cliente074@gmail.com
75;Cliente 075;4;66;987445251;2;Cliente075@gmail.com
76;Cliente 076;4;11;55221123;1;Cliente076@gmail.com
77;Cliente 077;4;44;77884455;1;Cliente077@gmail.com
78;Cliente 078;4;55;863321212;1;Cliente078@gmail.com
79;Cliente 079;4;41;66332214;1;Cliente079@gmail.com
80;Cliente 080;4;32;44556655;1;Cliente080@gmail.com
81;Cliente 081;4;66;21456699;1;Cliente081@gmail.com
82;Cliente 082;4;77;44556687;1;Cliente082@gmail.com
83;Cliente 083;4;33;33221144;2;Cliente083@gmail.com
84;Cliente 084;4;22;88997765;2;Cliente084@gmail.com
85;Cliente 085;4;11;21456699;2;Cliente085@gmail.com
86;Cliente 086;4;11;44556687;2;Cliente086@gmail.com
87;Cliente 087;4;11;33221144;1;Cliente087@gmail.com
88;Cliente 088;4;11;88997765;1;Cliente088@gmail.com
89;Cliente 089;4;33;55441122;1;Cliente089@gmail.com
90;Cliente 090;4;66;66887745;1;Cliente090@gmail.com
91;Cliente 091;4;11;987445251;1;Cliente091@gmail.com
92;Cliente 092;4;44;55221123;1;Cliente092@gmail.com
93;Cliente 093;4;55;77884455;2;Cliente093@gmail.com
94;Cliente 094;3;41;863321212;2;Cliente094@gmail.com
95;Cliente 095;3;32;66332214;2;Cliente095@gmail.com
96;Cliente 096;3;66;44556655;2;Cliente096@gmail.com
97;Cliente 097;3;77;21456699;2;Cliente097@gmail.com
98;Cliente 098;3;33;44556687;2;Cliente098@gmail.com
99;Cliente 099;3;22;33221144;2;Cliente099@gmail.com
100;Cliente 100;3;11;88997765;2;Cliente100@gmail.com
